CBSA Title,Best Match,Score
"Aberdeen, SD","Aberdeen, SD",100
"Aberdeen, WA","Aberdeen, WA",100
"Abilene, TX","Abilene, TX",100
"Ada, OK","Ada, OK",100
"Adrian, MI","Adrian, MI",100
"Aguadilla, PR","Cadillac, MI",61
"Akron, OH","Akron, OH",100
"Alamogordo, NM","Alamogordo, NM",100
"Alamosa, CO","Los Alamos, NM",70
"Albany, GA","Albany, GA",100
"Albany, OR","Albany, OR",100
"Albany-Schenectady-Troy, NY","Seneca Falls, NY",59
"Albemarle, NC","Albemarle, NC",100
"Albert Lea, MN","Albert Lea, MN",100
"Albertville, AL","Albertville, AL",100
"Albuquerque, NM","Albuquerque, NM",100
"Alexander City, AL","Alexandria, LA",60
"Alexandria, LA","Alexandria, LA",100
"Alexandria, MN","Alexandria, MN",100
"Alice, TX","McAllen, TX",67
"Allentown-Bethlehem-Easton, PA-NJ","Allentown, PA",55
"Alma, MI","Alpena, MI",75
"Alpena, MI","Alpena, MI",100
"Altoona, PA","Altoona, PA",100
"Altus, OK","Altus, OK",100
"Amarillo, TX","Amarillo, TX",100
"Americus, GA","Ames, IA",67
"Ames, IA","Ames, IA",100
"Amherst Town-Northampton, MA","Barnstable Town, MA",53
"Amsterdam, NY","Amsterdam, NY",100
"Anchorage, AK","LaGrange, GA",61
"Anderson Creek, NC","Henderson, NC",69
"Andrews, TX","Paris, TX",67
"Angola, IN","Angola, IN",100
"Ann Arbor, MI","Ann Arbor, MI",100
"Anniston-Oxford, AL","Anniston, AL",76
"Appleton, WI","Appleton, WI",100
"Arcadia, FL","Alexandria, LA",61
"Ardmore, OK","Ardmore, OK",100
"Arecibo, PR","Ontario, OR",60
"Arkadelphia, AR","Philadelphia, PA",69
"Arkansas City-Winfield, KS","Pittsfield, MA",53
"Asheville, NC","Asheville, NC",100
"Ashland, OH","Ashland, OH",100
"Astoria, OR","Astoria, OR",100
"Atchison, KS","Jackson, MS",67
"Athens, OH","Athens, OH",100
"Athens, TN","Athens, TN",100
"Athens, TX","Athens, TX",100
"Athens-Clarke County, GA","Athens, GA",56
"Atlanta-Sandy Springs-Roswell, GA","Homosassa Springs, FL",54
"Atlantic City-Hammonton, NJ","Atlantic City, NJ",76
"Auburn, IN","Auburn, IN",100
"Auburn, NY","Auburn, NY",100
"Auburn-Opelika, AL","Auburn, AL",69
"Augusta-Richmond County, GA-SC","Augusta, GA",51
"Augusta-Waterville, ME","Augusta, ME",65
"Austin, MN","Austin, MN",100
"Austin-Round Rock-San Marcos, TX","Corpus Christi, TX",50
"Bainbridge, GA","Cambridge, OH",64
"Baker City, OR","Bay City, MI",67
"Bakersfield-Delano, CA","Bakersfield, CA",80
"Baltimore-Columbia-Towson, MD","Baltimore, MD",60
"Bangor, ME","Bangor, ME",100
"Baraboo, WI","Baraboo, WI",100
"Barnstable Town, MA","Barnstable Town, MA",100
"Barre, VT","Laredo, TX",59
"Bartlesville, OK","Bartlesville, OK",100
"Batavia, NY","Batavia, NY",100
"Batesville, AR","Batesville, AR",100
"Baton Rouge, LA","Baton Rouge, LA",100
"Battle Creek, MI","Battle Creek, MI",100
"Bay City, MI","Bay City, MI",100
"Bay City, TX","Bay City, MI",82
"Beatrice, NE","Kearney, NE",67
"Beaumont-Port Arthur, TX","Beaumont, TX",65
"Beaver Dam, WI","Beaver Dam, WI",100
"Beckley, WV","Fernley, NV",60
"Bedford, IN","Bedford, IN",100
"Beeville, TX","Kerrville, TX",78
"Bellefontaine, OH","Bellefontaine, OH",100
"Bellingham, WA","Bellingham, WA",100
"Bemidji, MN","Bemidji, MN",100
"Bend, OR","Bend, OR",100
"Bennington, VT","Huntington, WV",69
"Big Rapids, MI","Big Rapids, MI",100
"Big Spring, TX","Springfield, IL",59
"Billings, MT","Billings, MT",100
"Binghamton, NY","Binghamton, NY",100
"Birmingham, AL","Birmingham, AL",100
"Bishop, CA","Boston, MA",56
"Bismarck, ND","Bismarck, ND",100
"Blackfoot, ID","Jackson, MI",55
"Blacksburg-Christiansburg-Radford, VA","Blacksburg, VA",53
"Bloomington, IL","Bloomington, IL",100
"Bloomington, IN","Bloomington, IN",100
"Bloomsburg-Berwick, PA","Bloomsburg, PA",76
"Bluefield, WV-VA","Bakersfield, CA",62
"Blytheville, AR","Batesville, AR",81
"Bogalusa, LA","Tuscaloosa, AL",58
"Boise City, ID","Boise City, ID",100
"Bonham, TX","Beaumont, TX",60
"Boone, NC","Boone, NC",100
"Borger, TX","Bridgeport, CT",64
"Boston-Cambridge-Newton, MA-NH","Cambridge, OH",59
"Boulder, CO","Boulder, CO",100
"Bowling Green, KY","Bowling Green, KY",100
"Bozeman, MT","Bozeman, MT",100
"Bradford, PA","Bradford, PA",100
"Brainerd, MN","Brainerd, MN",100
"Branson, MO","Branson, MO",100
"Brattleboro, VT","Statesboro, GA",59
"Breckenridge, CO","Breckenridge, CO",100
"Bremerton-Silverdale-Port Orchard, WA","Bremerton, WA",50
"Brenham, TX","Beaumont, TX",67
"Brevard, NC","Brevard, NC",100
"Bridgeport-Stamford-Danbury, CT","Bridgeport, CT",60
"Brigham City, UT-ID","Boise City, ID",65
"Brookhaven, MS","Boston, MA",55
"Brookings, OR","Coos Bay, OR",61
"Brookings, SD","Rock Springs, WY",59
"Brownsville-Harlingen, TX","Brownsville, TX",74
"Brownwood, TX","Brownwood, TX",100
"Brunswick-St. Simons, GA","Brunswick, GA",71
"Bucyrus, OH","Bucyrus, OH",100
"Buffalo-Cheektowaga, NY","Buffalo, NY",62
"Burley, ID","Auburn, IN",56
"Burlington, IA-IL","Burlington, IA",90
"Burlington, NC","Burlington, NC",100
"Burlington-South Burlington, VT","Burlington, NC",56
"Butte-Silver Bow, MT","Butte, MT",59
"Cadillac, MI","Cadillac, MI",100
"Calhoun, GA","Calhoun, GA",100
"Cambridge, MD","Cambridge, MD",100
"Cambridge, OH","Cambridge, OH",100
"Camden, AR","Sacramento, CA",64
"Campbellsville, KY","Danville, KY",64
"Cañon City, CO","Ca-¦on City, CO",80
"Canton, IL","Canton, OH",78
"Canton-Massillon, OH","Canton, OH",64
"Cape Coral-Fort Myers, FL","Cape Coral, FL",70
"Cape Girardeau, MO-IL","Cape Girardeau, MO",92
"Carbondale, IL","Carbondale, IL",100
"Carlsbad-Artesia, NM","Carlsbad, NM",73
"Carroll, IA","Carbondale, IL",61
"Carson City, NV","Carson City, NV",100
"Casper, WY","Casper, WY",100
"Cedar City, UT","Cedar City, UT",100
"Cedar Rapids, IA","Cedar Rapids, IA",100
"Cedartown, GA","Cedartown, GA",100
"Celina, OH","Celina, OH",100
"Centralia, IL","Centralia, IL",100
"Centralia, WA","Centralia, WA",100
"Chambersburg, PA","Chambersburg, PA",100
"Champaign-Urbana, IL","Champaign, IL",77
"Charleston, WV","Charleston, WV",100
"Charleston-Mattoon, IL","Charleston, IL",76
"Charleston-North Charleston, SC","Charleston, SC",60
"Charlotte-Concord-Gastonia, NC-SC","Charleston, SC",58
"Charlottesville, VA","Charlottesville, VA",100
"Chattanooga, TN-GA","Chattanooga, TN",90
"Cheyenne, WY","Cheyenne, WY",100
"Chicago-Naperville-Elgin, IL-IN","Chicago, IL",50
"Chico, CA","Chico, CA",100
"Chillicothe, OH","Chillicothe, OH",100
"Cincinnati, OH-KY-IN","Cincinnati, OH",81
"Clarksburg, WV","Clarksburg, WV",100
"Clarksdale, MS","Clarksville, TN",67
"Clarksville, TN-KY","Clarksville, TN",90
"Clearlake, CA","Clearlake, CA",100
"Cleveland, MS","Cleveland, OH",83
"Cleveland, OH","Cleveland, OH",100
"Cleveland, TN","Cleveland, TN",100
"Clewiston, FL","Clewiston, FL",100
"Clinton, IA","Clinton, IA",100
"Clovis, NM","St. Louis, MO",60
"Coamo, PR","Ontario, OR",56
"Coco, PR","Concord, NH",59
"Cody, WY","Jackson, WY",59
"Coeur d'Alene, ID","Coeur d'Alene, ID",100
"Coldwater, MI","Coldwater, MI",100
"College Station-Bryan, TX","College Station, TX",86
"Colorado Springs, CO","Colorado Springs, CO",100
"Columbia, MO","Columbia, MO",100
"Columbia, SC","Columbia, SC",100
"Columbus, GA-AL","Columbus, GA",88
"Columbus, IN","Columbus, IN",100
"Columbus, MS","Columbus, OH",82
"Columbus, NE","Columbus, IN",91
"Columbus, OH","Columbus, OH",100
"Concord, NH","Concord, NH",100
"Connersville, IN","Crawfordsville, IN",75
"Cookeville, TN","Cookeville, TN",100
"Coos Bay-North Bend, OR","Coos Bay, OR",67
"Corbin, KY","Corning, NY",74
"Cordele, GA","Cornelia, GA",76
"Corinth, MS","Jackson, MS",60
"Cornelia, GA","Cornelia, GA",100
"Corning, NY","Corning, NY",100
"Corpus Christi, TX","Corpus Christi, TX",100
"Corsicana, TX","Corsicana, TX",100
"Cortland, NY","Cortland, NY",100
"Corvallis, OR","Corvallis, OR",100
"Coshocton, OH","Coshocton, OH",100
"Crawfordsville, IN","Crawfordsville, IN",100
"Crescent City, CA","Ca-¦on City, CO",69
"Crestview-Fort Walton Beach-Destin, FL","Crestview, FL",49
"Crossville, TN","Crossville, TN",100
"Cullman, AL","Cullman, AL",100
"Cumberland, MD-WV","Cumberland, MD",90
"Dallas-Fort Worth-Arlington, TX","The Dalles, OR",51
"Dalton, GA","Dalton, GA",100
"Danville, IL","Danville, IL",100
"Danville, KY","Danville, KY",100
"Danville, VA","Danville, VA",100
"Daphne-Fairhope-Foley, AL","Daphne, AL",55
"Davenport-Moline-Rock Island, IA-IL","Davenport, IA",52
"Dayton-Kettering-Beavercreek, OH","Beaver Dam, WI",50
"Decatur, AL","Decatur, AL",100
"Decatur, IL","Decatur, IL",100
"Decatur, IN","Decatur, IL",90
"Defiance, OH","Defiance, OH",100
"Del Rio, TX","El Paso, TX",70
"Deltona-Daytona Beach-Ormond Beach, FL","Hilton Head Island, SC",45
"Deming, NM","Farmington, NM",64
"Denver-Aurora-Centennial, CO","Denver, CO",50
"DeRidder, LA","Erie, PA",67
"Des Moines-West Des Moines, IA","Des Moines, IA",62
"Detroit Lakes, MN","Detroit, MI",69
"Detroit-Warren-Dearborn, MI","Detroit, MI",56
"Dickinson, ND","Kinston, NC",73
"Dixon, IL","Dixon, IL",100
"Dodge City, KS","Garden City, KS",74
"Dothan, AL","Dothan, AL",100
"Douglas, GA","Dublin, GA",63
"Dover, DE","Dover, DE",100
"Dublin, GA","Dublin, GA",100
"DuBois, PA","DuBois, PA",100
"Dubuque, IA","Dubuque, IA",100
"Duluth, MN-WI","Duluth, MN",86
"Dumas, TX","Dallas, TX",71
"Duncan, OK","Duncan, OK",100
"Durango, CO","Durango, CO",100
"Durant, OK","Duncan, OK",78
"Durham-Chapel Hill, NC","Durham, NC",60
"Dyersburg, TN","Greensburg, IN",64
"Eagle Pass, TX","El Paso, TX",78
"Easton, MD","Easton, MD",100
"East Stroudsburg, PA","East Stroudsburg, PA",100
"Eau Claire, WI","Eau Claire, WI",100
"Edwards, CO","Edwards, CO",100
"Effingham, IL","Effingham, IL",100
"El Campo, TX","McAllen, TX",57
"El Centro, CA","El Centro, CA",100
"El Dorado, AR","El Centro, CA",58
"Elizabeth City, NC","Elizabeth City, NC",100
"Elizabethtown, KY","Elizabethtown, KY",100
"Elk City, OK","Lake City, FL",70
"Elkhart-Goshen, IN","Elkhart, IN",74
"Elkins, WV","Wheeling, WV",70
"Elko, NV","Elko, NV",100
"Ellensburg, WA","Ellensburg, WA",100
"Elmira, NY","Amsterdam, NY",57
"El Paso, TX","El Paso, TX",100
"Emporia, KS","Davenport, IA",55
"Enid, OK","Enid, OK",100
"Enterprise, AL","Enterprise, AL",100
"Erie, PA","Erie, PA",100
"Escanaba, MI","Escanaba, MI",100
"Española, NM","Angola, IN",63
"Eufaula, AL-GA","Talladega, AL",64
"Eugene-Springfield, OR","Springfield, MO",74
"Eureka-Arcata, CA","Eureka, CA",72
"Evanston, WY-UT","Easton, MD",61
"Evansville, IN","Evansville, IN",100
"Fairbanks-College, AK","College Station, TX",58
"Fairmont, MN","Fairmont, WV",82
"Fairmont, WV","Fairmont, WV",100
"Fallon, NV","Malone, NY",67
"Fargo, ND-MN","Fargo, ND",84
"Faribault-Northfield, MN","Faribault, MN",69
"Farmington, MO","Farmington, MO",100
"Farmington, NM","Farmington, NM",100
"Fayetteville, NC","Fayetteville, NC",100
"Fayetteville, TN","Fayetteville, NC",93
"Fayetteville-Springdale-Rogers, AR","Fayetteville, AR",62
"Fergus Falls, MN","Fergus Falls, MN",100
"Findlay, OH","Findlay, OH",100
"Fitzgerald, GA","Bakersfield, CA",52
"Flagstaff, AZ","Flagstaff, AZ",100
"Flint, MI","Flint, MI",100
"Florence, SC","Florence, SC",100
"Florence-Muscle Shoals, AL","Florence, SC",61
"Fond du Lac, WI","Fond du Lac, WI",100
"Forest City, NC","Forest City, NC",100
"Forrest City, AR","Forest City, NC",76
"Fort Collins-Loveland, CO","Fort Collins, CO",77
"Fort Dodge, IA","Davenport, IA",64
"Fort Leonard Wood, MO","Fort Leonard Wood, MO",100
"Fort Madison, IA","Fort Madison, IA",100
"Fort Morgan, CO","Fort Morgan, CO",100
"Fort Payne, AL","Fort Wayne, IN",69
"Fort Smith, AR-OK","Fort Smith, AR",90
"Fort Wayne, IN","Fort Wayne, IN",100
"Frankfort, IN","Frankfort, KY",83
"Frankfort, KY","Frankfort, KY",100
"Franklin, KY","Frankfort, KY",70
"Fredericksburg, TX","Harrisburg, PA",60
"Freeport, IL","Freeport, IL",100
"Fremont, NE","Fremont, OH",80
"Fremont, OH","Fremont, OH",100
"Fresno, CA","Fresno, CA",100
"Gadsden, AL","Gadsden, AL",100
"Gaffney, SC","Gaffney, SC",100
"Gainesville, FL","Gainesville, FL",100
"Gainesville, GA","Gainesville, GA",100
"Gainesville, TX","Gainesville, TX",100
"Galesburg, IL","Galesburg, IL",100
"Gallipolis, OH","Corvallis, OR",56
"Gallup, NM","Alpena, MI",56
"Garden City, KS","Garden City, KS",100
"Gardnerville Ranchos, NV-CA","Gardnerville Ranchos, NV",94
"Gettysburg, PA","Gettysburg, PA",100
"Gillette, WY","Marinette, WI",61
"Glasgow, KY","Glasgow, KY",100
"Glens Falls, NY","Glens Falls, NY",100
"Gloversville, NY","Gloversville, NY",100
"Goldsboro, NC","Goldsboro, NC",100
"Granbury, TX","Orangeburg, SC",58
"Grand Forks, ND-MN","Grand Forks, ND",90
"Grand Island, NE","Grand Island, NE",100
"Grand Junction, CO","Grand Junction, CO",100
"Grand Rapids, MN","Grand Rapids, MI",93
"Grand Rapids-Wyoming-Kentwood, MI","Grand Rapids, MI",64
"Grants Pass, OR","Grants Pass, OR",100
"Great Bend, KS","Bend, OR",60
"Great Falls, MT","Great Falls, MT",100
"Greeley, CO","Greeley, CO",100
"Green Bay, WI","Green Bay, WI",100
"Greencastle, IN","Greenville, NC",67
"Greeneville, TN","Greeneville, TN",100
"Greenfield, MA","Greenville, SC",62
"Greensboro-High Point, NC","Greensboro, NC",70
"Greensburg, IN","Greensburg, IN",100
"Greenville, MS","Greenville, SC",92
"Greenville, NC","Greenville, NC",100
"Greenville, OH","Greenville, OH",100
"Greenville-Anderson-Greer, SC","Greenville, SC",63
"Greenwood, MS","Greenwood, SC",92
"Greenwood, SC","Greenwood, SC",100
"Grenada, MS","Greenwood, SC",64
"Guayama, PR","Yakima, WA",53
"Gulfport-Biloxi, MS","Gulfport, MS",76
"Guymon, OK","Dayton, OH",56
"Hagerstown-Martinsburg, MD-WV","Hagerstown, MD",63
"Hailey, ID","Danville, IL",60
"Hammond, LA","Hammond, LA",100
"Hanford-Corcoran, CA","Hanford, CA",69
"Hannibal, MO","Hannibal, MO",100
"Harrisburg-Carlisle, PA","Harrisburg, PA",74
"Harrison, AR","Harrison, AR",100
"Harrisonburg, VA","Harrisonburg, VA",100
"Hartford-West Hartford-East Hartford, CT","Hartford, CT",44
"Hastings, NE","Austin, MN",70
"Hattiesburg, MS","Harrisburg, PA",67
"Hays, KS","St. Marys, GA",56
"Heber, UT","Heber, UT",100
"Helena, MT","Helena, MT",100
"Hemlock Farms, PA","Shelton, WA",54
"Henderson, KY","Henderson, NC",83
"Henderson, NC","Henderson, NC",100
"Hereford, TX","Heber, UT",63
"Hermiston-Pendleton, OR","Hermiston, OR",71
"Hermitage, PA","Erie, PA",74
"Hickory-Lenoir-Morganton, NC","Fort Morgan, CO",59
"Hillsdale, MI","Hillsdale, MI",100
"Hilo-Kailua, HI","Hilo, HI",67
"Hilton Head Island-Bluffton-Port Royal, SC","Hilton Head Island, SC",68
"Hinesville, GA","Hinesville, GA",100
"Hobbs, NM","Hobbs, NM",100
"Holland, MI","Holland, MI",100
"Homosassa Springs, FL","Homosassa Springs, FL",100
"Hood River, OR","Dover, DE",57
"Hot Springs, AR","Hot Springs, AR",100
"Houghton, MI","Ludington, MI",70
"Houma-Bayou Cane-Thibodaux, LA","Baton Rouge, LA",47
"Houston-Pasadena-The Woodlands, TX","Houston, TX",47
"Hudson, NY","Hudson, NY",100
"Huntingdon, PA","Huntington, WV",77
"Huntington, IN","Huntington, IN",100
"Huntington-Ashland, WV-KY-OH","Huntington, WV",65
"Huntsville, AL","Huntsville, AL",100
"Huntsville, TX","Huntsville, TX",100
"Huron, SD","Hudson, NY",59
"Hutchinson, KS","Hutchinson, MN",85
"Hutchinson, MN","Hutchinson, MN",100
"Idaho Falls, ID","Idaho Falls, ID",100
"Indiana, PA","Indiana, PA",100
"Indianapolis-Carmel-Greenwood, IN","Indianapolis, IN",64
"Iowa City, IA","Iowa City, IA",100
"Iron Mountain, MI-WI","Iron Mountain, MI",91
"Ithaca, NY","Ithaca, NY",100
"Jackson, MI","Jackson, MI",100
"Jackson, MS","Jackson, MS",100
"Jackson, TN","Jackson, TN",100
"Jackson, WY-ID","Jackson, WY",87
"Jacksonville, FL","Jacksonville, FL",100
"Jacksonville, IL","Jacksonville, IL",100
"Jacksonville, NC","Jacksonville, NC",100
"Jacksonville, TX","Jacksonville, NC",87
"Jamestown, ND","Jamestown, NY",92
"Jamestown-Dunkirk, NY","Jamestown, NY",75
"Janesville-Beloit, WI","Janesville, WI",79
"Jasper, IN","Jasper, IN",100
"Jefferson, GA","Jefferson, GA",100
"Jefferson City, MO","Jefferson City, MO",100
"Jesup, GA","Jefferson, GA",60
"Johnson City, TN","Johnson City, TN",100
"Johnstown, PA","Johnstown, PA",100
"Jonesboro, AR","Jonesboro, AR",100
"Joplin, MO-KS","Joplin, MO",86
"Juneau, AK","Eureka, CA",56
"Kahului-Wailuku, HI","Kahului, HI",71
"Kalamazoo-Portage, MI","Kalamazoo, MI",75
"Kalispell, MT","Kalispell, MT",100
"Kankakee, IL","Kankakee, IL",100
"Kansas City, MO-KS","Kansas City, MO",90
"Kapaa, HI","Kapaa, HI",100
"Kearney, NE","Kearney, NE",100
"Keene, NH","Keene, NH",100
"Kendallville, IN","Kendallville, IN",100
"Kennett, MO","Lebanon, MO",60
"Kennewick-Richland, WA","Kennewick, WA",73
"Kenosha, WI","Oshkosh, WI",70
"Kerrville, TX","Kerrville, TX",100
"Ketchikan, AK","Dothan, AL",57
"Key West-Key Largo, FL","Key West, FL",69
"Kill Devil Hills, NC","Kill Devil Hills, NC",100
"Killeen-Temple, TX","Killeen, TX",74
"Kingsland, GA","Grand Island, NE",67
"Kingsport-Bristol, TN-VA","Kingsport, TN",69
"Kingston, NY","Kingston, NY",100
"Kingsville, TX","Gainesville, TX",81
"Kinston, NC","Kinston, NC",100
"Kirksville, MO","Clarksville, TN",67
"Kiryas Joel-Poughkeepsie-Newburgh, NY","Orangeburg, SC",45
"Klamath Falls, OR","Klamath Falls, OR",100
"Knoxville, TN","Knoxville, TN",100
"Kokomo, IN","Kokomo, IN",100
"Laconia, NH","Lebanon, NH",70
"La Crosse-Onalaska, WI-MN","La Crosse, WI",67
"Lafayette, LA","Lafayette, LA",100
"Lafayette-West Lafayette, IN","Lafayette, LA",62
"La Grande, OR","Grand Island, NE",67
"LaGrange, GA-AL","LaGrange, GA",88
"Lake Charles, LA","Lake Charles, LA",100
"Lake City, FL","Lake City, FL",100
"Lake Havasu City-Kingman, AZ","Lake Havasu City, AZ",83
"Lakeland-Winter Haven, FL","Lakeland, FL",63
"Lake of the Woods, VA","Moses Lake, WA",55
"Lancaster, PA","Lancaster, PA",100
"Lansing-East Lansing, MI","Lansing, MI",61
"Laramie, WY","Racine, WI",63
"Laredo, TX","Laredo, TX",100
"Lares, PR","Laredo, TX",59
"Las Cruces, NM","Las Cruces, NM",100
"Las Vegas, NM","Las Vegas, NV",92
"Las Vegas-Henderson-North Las Vegas, NV","Las Vegas, NV",48
"Laurel, MS","Laredo, TX",56
"Laurinburg, NC","Lawrenceburg, TN",71
"Lawrence, KS","Lawrence, KS",100
"Lawrenceburg, TN","Lawrenceburg, TN",100
"Lawton, OK","Lawton, OK",100
"Lebanon, MO","Lebanon, MO",100
"Lebanon, PA","Lebanon, PA",100
"Lebanon-Claremont, NH-VT","Lebanon, NH",61
"Le Mars, IA","Spirit Lake, IA",58
"Lewisburg, PA","Harrisburg, PA",72
"Lewisburg, TN","Galesburg, IL",67
"Lewiston, ID-WA","Lewiston, ID",88
"Lewiston-Auburn, ME","Lewiston, ME",76
"Lewistown, PA","Lewiston, ME",78
"Lexington, NE","Lexington, KY",75
"Lexington-Fayette, KY","Lexington, KY",75
"Lexington Park, MD","Allentown, PA",62
"Liberal, KS","Salina, KS",63
"Lima, OH","Lima, OH",100
"Lincoln, IL","Lincoln, IL",100
"Lincoln, NE","Lincoln, NE",100
"Little Rock-North Little Rock-Conway, AR","Little Rock, AR",53
"Lock Haven, PA","Allentown, PA",56
"Logan, UT-ID","Logan, UT",84
"Logansport, IN","Kingsport, TN",64
"Longview, TX","Longview, TX",100
"Longview-Kelso, WA","Longview, WA",79
"Los Alamos, NM","Los Alamos, NM",100
"Los Angeles-Long Beach-Anaheim, CA","Los Angeles, CA",60
"Louisville/Jefferson County, KY-IN","Jefferson City, MO",60
"Lubbock, TX","Lubbock, TX",100
"Ludington, MI","Ludington, MI",100
"Lufkin, TX","Austin, TX",67
"Lumberton, NC","Lumberton, NC",100
"Lynchburg, VA","Lynchburg, VA",100
"Macomb, IL","Macomb, IL",100
"Macon-Bibb County, GA","Mason City, IA",61
"Madison, IN","Madison, IN",100
"Madison, WI","Madison, WI",100
"Madisonville, KY","Louisville, KY",71
"Magnolia, AR","Visalia, CA",57
"Malvern, AR","Madera, CA",63
"Manchester-Nashua, NH","Manchester, NH",79
"Manhattan, KS","Salina, KS",57
"Manitowoc, WI","Manitowoc, WI",100
"Mankato, MN","Mankato, MN",100
"Mansfield, OH","Mansfield, OH",100
"Marietta, OH","Marietta, OH",100
"Marinette, WI-MI","Marinette, WI",89
"Marion, IN","Marion, IN",100
"Marion, NC","Marion, NC",100
"Marion, OH","Marion, OH",100
"Marion-Herrin, IL","Marion, IN",72
"Marquette, MI","Marquette, MI",100
"Marshall, MN","Marshalltown, IA",69
"Marshall, MO","Marshalltown, IA",69
"Marshalltown, IA","Marshalltown, IA",100
"Martin, TN","Marion, NC",78
"Martinsville, VA","Danville, VA",77
"Maryville, MO","Meadville, PA",67
"Mason City, IA","Mason City, IA",100
"Massena-Ogdensburg, NY","Ogdensburg, NY",76
"Mayagüez, PR","Spirit Lake, IA",50
"Mayfield, KY","Mansfield, OH",61
"McAlester, OK","McAlester, OK",100
"McAllen-Edinburg-Mission, TX","McAllen, TX",54
"McComb, MS","Columbia, SC",60
"McMinnville, TN","McMinnville, TN",100
"McPherson, KS","Richmond, KY",52
"Meadville, PA","Meadville, PA",100
"Medford, OR","Medford, OR",100
"Memphis, TN-MS-AR","Memphis, TN",77
"Menomonie, WI","Menomonie, WI",100
"Merced, CA","Merced, CA",100
"Meridian, MS","Adrian, MI",60
"Mexico, MO","Monroe, MI",56
"Miami, OK","Miami, FL",62
"Miami-Fort Lauderdale-West Palm Beach, FL","Myrtle Beach, SC",44
"Michigan City-La Porte, IN","Michigan City, IN",78
"Middlesborough, KY","Ogdensburg, NY",53
"Midland, MI","Midland, MI",100
"Midland, TX","Midland, TX",100
"Milledgeville, GA","Milledgeville, GA",100
"Milwaukee-Waukesha, WI","Milwaukee, WI",73
"Minden, LA","Monroe, LA",67
"Mineral Wells, TX","Niles, MI",50
"Minneapolis-St. Paul-Bloomington, MN-WI","Minneapolis, MN",55
"Minot, ND","Kingsport, TN",60
"Missoula, MT","Missoula, MT",100
"Mitchell, SD","Rochelle, IL",55
"Moberly, MO","Rolla, MO",56
"Mobile, AL","Mobile, AL",100
"Modesto, CA","Modesto, CA",100
"Monroe, LA","Monroe, LA",100
"Monroe, MI","Monroe, MI",100
"Montgomery, AL","Montgomery, AL",100
"Monticello, IN","Muncie, IN",64
"Monticello, NY","Malone, NY",64
"Montrose, CO","Montrose, CO",100
"Morehead City, NC","Morehead City, NC",100
"Morgan City, LA","Mason City, IA",74
"Morgantown, WV","Morgantown, WV",100
"Morristown, TN","Morristown, TN",100
"Moscow, ID","Monroe, MI",56
"Moses Lake, WA","Moses Lake, WA",100
"Moultrie, GA","Muscatine, IA",61
"Mountain Home, AR","Mountain Home, AR",100
"Mountain Home, ID","Mountain Home, AR",81
"Mount Airy, NC","Mount Airy, NC",100
"Mount Pleasant, MI","Mount Pleasant, MI",100
"Mount Pleasant, TX","Mount Pleasant, MI",82
"Mount Sterling, KY","Mount Sterling, KY",100
"Mount Vernon, IL","Mount Vernon, IL",100
"Mount Vernon, OH","Mount Vernon, OH",100
"Mount Vernon-Anacortes, WA","Mount Vernon, WA",75
"Muncie, IN","Muncie, IN",100
"Murray, KY","Paducah, KY",53
"Murrells Inlet, SC","Forest City, NC",52
"Muscatine, IA","Muscatine, IA",100
"Muskegon-Norton Shores, MI","Muskegon, MI",61
"Muskogee, OK","Muskogee, OK",100
"Myrtle Beach-Conway-North Myrtle Beach, SC","Myrtle Beach, SC",54
"Nacogdoches, TX","Odessa, TX",61
"Nantucket, MA","Truckee, CA",64
"Napa, CA","Napa, CA",100
"Naples-Marco Island, FL","Naples, FL",58
"Nashville-Davidson--Murfreesboro--Franklin, TN","Nashville, TN",44
"Natchez, MS-LA","Wenatchee, WA",64
"Natchitoches, LA","Wenatchee, WA",59
"New Bern, NC","New Bern, NC",100
"Newberry, SC","Orangeburg, SC",58
"New Castle, IN","New Castle, IN",100
"New Haven, CT","New Haven, CT",100
"New Iberia, LA","New Bern, NC",67
"New Orleans-Metairie, LA","New Orleans, LA",76
"New Philadelphia-Dover, OH","New Philadelphia, OH",86
"Newport, OR","Newport, OR",100
"Newport, TN","Newport, OR",80
"New Ulm, MN","Willmar, MN",60
"New York-Newark-Jersey City, NY-NJ","New York, NY",50
"Niles, MI","Niles, MI",100
"Nogales, AZ","Naples, FL",63
"Norfolk, NE","Norfolk, NE",100
"North Platte, NE","North Port, FL",64
"North Port-Bradenton-Sarasota, FL","North Port, FL",58
"North Wilkesboro, NC","North Wilkesboro, NC",100
"Norwalk, OH","Norwalk, OH",100
"Norwich-New London-Willimantic, CT","New Orleans, LA",47
"Oak Harbor, WA","Oak Harbor, WA",100
"Ocala, FL","Ocala, FL",100
"Ocean Pines, MD","Des Moines, IA",59
"Odessa, TX","Odessa, TX",100
"Ogden, UT","Ogden, UT",100
"Oil City, PA","Oil City, PA",100
"Okeechobee, FL","Okeechobee, FL",100
"Oklahoma City, OK","Oklahoma City, OK",100
"Olean, NY","Olean, NY",100
"Olympia-Lacey-Tumwater, WA","Olympia, WA",57
"Omaha, NE-IA","Omaha, NE",84
"Oneonta, NY","Oneonta, NY",100
"Ontario, OR-ID","Ontario, OR",87
"Opelousas, LA","Peoria, IL",57
"Orangeburg, SC","Orangeburg, SC",100
"Orlando-Kissimmee-Sanford, FL","Orlando, FL",53
"Oshkosh-Neenah, WI","Oshkosh, WI",74
"Oskaloosa, IA","Tuscaloosa, AL",72
"Othello, WA","Shelton, WA",70
"Ottawa, IL","Ottawa, IL",100
"Ottawa, KS","Ottawa, IL",78
"Ottumwa, IA","Ottumwa, IA",100
"Owatonna, MN","Winona, MN",70
"Owensboro, KY","Jonesboro, AR",67
"Owosso, MI","Monroe, MI",56
"Oxford, MS","Rockford, IL",60
"Oxnard-Thousand Oaks-Ventura, CA","Santa Rosa, CA",55
"Ozark, AL","York, PA",67
"Paducah, KY-IL","Paducah, KY",87
"Pahrump, NV","Pahrump, NV",100
"Palatka, FL","Palatka, FL",100
"Palestine, TX","Austin, TX",76
"Palm Bay-Melbourne-Titusville, FL","Louisville, KY",53
"Pampa, TX","Amarillo, TX",63
"Panama City-Panama City Beach, FL","Panama City, FL",61
"Paragould, AR","Springfield, MA",54
"Paris, TN","Paris, TX",88
"Paris, TX","Paris, TX",100
"Parkersburg-Vienna, WV","Parkersburg, WV",80
"Payson, AZ","Payson, AZ",100
"Pella, IA","Peoria, IL",59
"Pensacola-Ferry Pass-Brent, FL","Pensacola, FL",59
"Peoria, IL","Peoria, IL",100
"Peru, IN","Jasper, IN",75
"Petoskey, MI","Muskegon, MI",55
"Philadelphia-Camden-Wilmington, PA-NJ-DE-MD","Philadelphia, PA",53
"Phoenix-Mesa-Chandler, AZ","Phoenix, AZ",59
"Picayune, MS","Ames, IA",56
"Pierre, SD","Aberdeen, SD",60
"Pikeville, KY","Louisville, KY",72
"Pine Bluff, AR","Pine Bluff, AR",100
"Pinehurst-Southern Pines, NC","Pinehurst, NC",62
"Pittsburg, KS","Pittsburg, KS",100
"Pittsburgh, PA","Pittsburgh, PA",100
"Pittsfield, MA","Pittsfield, MA",100
"Plainview, TX","Longview, TX",78
"Platteville, WI","Platteville, WI",100
"Plattsburgh, NY","Plattsburgh, NY",100
"Plymouth, IN","Plymouth, IN",100
"Pocatello, ID","Waterloo, IA",61
"Ponca City, OK","Ponca City, OK",100
"Ponce, PR","Providence, RI",67
"Pontiac, IL","Pontiac, IL",100
"Poplar Bluff, MO","Poplar Bluff, MO",100
"Port Angeles, WA","Port Angeles, WA",100
"Portland-South Portland, ME","Portland, OR",59
"Portland-Vancouver-Hillsboro, OR-WA","Portland, OR",49
"Port Lavaca, TX","Port St. Lucie, FL",60
"Port St. Lucie, FL","Port St. Lucie, FL",100
"Portsmouth, OH","Portsmouth, OH",100
"Port Townsend, WA","Stevens Point, WI",56
"Pottsville, PA","Pottsville, PA",100
"Prescott Valley-Prescott, AZ","Prescott Valley, AZ",80
"Price, UT","Provo, UT",62
"Providence-Warwick, RI-MA","Providence, RI",70
"Provo-Orem-Lehi, UT","Provo, UT",62
"Pueblo, CO","Pueblo, CO",100
"Pullman, WA","Pullman, WA",100
"Punta Gorda, FL","Punta Gorda, FL",100
"Putnam, CT","Panama City, FL",61
"Quincy, IL-MO","Quincy, IL",86
"Racine-Mount Pleasant, WI","Mount Pleasant, MI",68
"Raleigh-Cary, NC","Raleigh, NC",80
"Rapid City, SD","Rapid City, SD",100
"Raymondville, TX","Brownsville, TX",76
"Reading, PA","Reading, PA",100
"Red Bluff, CA","Red Bluff, CA",100
"Redding, CA","Redding, CA",100
"Red Wing, MN","Red Wing, MN",100
"Reno, NV","Reno, NV",100
"Rexburg, ID","Rexburg, ID",100
"Rice Lake, WI","Milwaukee, WI",67
"Richmond, IN","Richmond, KY",82
"Richmond, VA","Richmond, VA",100
"Richmond-Berea, KY","Richmond, KY",79
"Rifle, CO","Greeley, CO",67
"Rio Grande City-Roma, TX","Iowa City, IA",57
"Riverside-San Bernardino-Ontario, CA","Riverside, CA",51
"Riverton, WY","Riverton, WY",100
"Roanoke, VA","Roanoke, VA",100
"Roanoke Rapids, NC","Roanoke Rapids, NC",100
"Rochelle, IL","Rochelle, IL",100
"Rochester, MN","Rochester, MN",100
"Rochester, NY","Rochester, NY",100
"Rockford, IL","Rockford, IL",100
"Rockingham, NC","Birmingham, AL",62
"Rock Springs, WY","Rock Springs, WY",100
"Rocky Mount, NC","Rocky Mount, NC",100
"Rolla, MO","Rolla, MO",100
"Rome, GA","Rome, GA",100
"Roseburg, OR","Roseburg, OR",100
"Roswell, NM","Roswell, NM",100
"Ruidoso, NM","Roswell, NM",60
"Russellville, AL","Huntsville, AL",71
"Russellville, AR","Huntsville, AL",64
"Ruston, LA","Tucson, AZ",67
"Rutland, VT","Cortland, NY",67
"Sacramento-Roseville-Folsom, CA","Sacramento, CA",60
"Safford, AZ","Hanford, CA",70
"Saginaw, MI","Saginaw, MI",100
"St. Cloud, MN","St. Cloud, MN",100
"St. George, UT","St. George, UT",100
"St. Joseph, MO-KS","St. Joseph, MO",89
"St. Louis, MO-IL","St. Louis, MO",88
"St. Marys, PA","St. Marys, GA",73
"Salem, OH","Salem, OH",100
"Salem, OR","Salem, OR",100
"Salina, KS","Salina, KS",100
"Salinas, CA","Salinas, CA",100
"Salisbury, MD","Salisbury, MD",100
"Salt Lake City-Murray, UT","Salt Lake City, UT",83
"San Angelo, TX","San Antonio, TX",74
"San Antonio-New Braunfels, TX","San Antonio, TX",67
"San Diego-Chula Vista-Carlsbad, CA","San Diego, CA",53
"Sandpoint, ID","Saginaw, MI",55
"Sandusky, OH","Sandusky, OH",100
"Sanford, NC","Sanford, NC",100
"San Francisco-Oakland-Fremont, CA","San Francisco, CA",67
"San Jose-Sunnyvale-Santa Clara, CA","Santa Rosa, CA",57
"San Juan-Bayamón-Caguas, PR","San Luis Obispo, CA",47
"San Luis Obispo-Paso Robles, CA","San Luis Obispo, CA",75
"Santa Cruz-Watsonville, CA","Santa Cruz, CA",68
"Santa Fe, NM","Santa Fe, NM",100
"Santa Maria-Santa Barbara, CA","Santa Maria, CA",67
"Santa Rosa-Petaluma, CA","Santa Rosa, CA",74
"Sault Ste. Marie, MI","Sault Ste. Marie, MI",100
"Savannah, GA","Savannah, GA",100
"Sayre, PA","Sayre, PA",100
"Scottsbluff, NE","Scottsbluff, NE",100
"Scottsboro, AL","Statesboro, GA",77
"Scranton--Wilkes-Barre, PA","Scranton, PA",63
"Seaford, DE","Sanford, NC",70
"Searcy, AR","Searcy, AR",100
"Seattle-Tacoma-Bellevue, WA","Seattle, WA",56
"Sebastian-Vero Beach-West Vero Corridor, FL","Sebastian, FL",44
"Sebring, FL","Sebring, FL",100
"Sedalia, MO","Salina, KS",63
"Selinsgrove, PA","Salinas, CA",58
"Selma, AL","Cullman, AL",67
"Seneca, SC","Seneca, SC",100
"Seneca Falls, NY","Seneca Falls, NY",100
"Sevierville, TN","Sevierville, TN",100
"Seymour, IN","Seymour, IN",100
"Shawano, WI","Shawano, WI",100
"Shawnee, OK","Shawnee, OK",100
"Sheboygan, WI","Sheboygan, WI",100
"Shelby-Kings Mountain, NC","Kingston, NY",57
"Shelbyville, TN","Shelbyville, TN",100
"Shelton, WA","Shelton, WA",100
"Sheridan, WY","Sherman, TX",67
"Sherman-Denison, TX","Sherman, TX",71
"Show Low, AZ","Show Low, AZ",100
"Shreveport-Bossier City, LA","Shreveport, LA",67
"Sidney, OH","Sidney, OH",100
"Sierra Vista-Douglas, AZ","Sierra Vista, AZ",79
"Sikeston, MO","Muskegon, MI",64
"Silver City, NM","Traverse City, MI",67
"Sioux City, IA-NE-SD","Sioux City, IA",81
"Sioux Falls, SD-MN","Sioux Falls, SD",90
"Slidell-Mandeville-Covington, LA","Milledgeville, GA",51
"Snyder, TX","Sherman, TX",63
"Somerset, KY","Somerset, KY",100
"Somerset, PA","Somerset, PA",100
"Sonora, CA","Sonora, CA",100
"South Bend-Mishawaka, IN-MI","South Bend, IN",67
"Sparta, WI","Baraboo, WI",63
"Spartanburg, SC","Spartanburg, SC",100
"Spearfish, SD","Salisbury, MD",50
"Spencer, IA","Jasper, IN",63
"Spirit Lake, IA","Spirit Lake, IA",100
"Spokane-Spokane Valley, WA","Spokane, WA",57
"Springfield, IL","Springfield, IL",100
"Springfield, MA","Springfield, MA",100
"Springfield, MO","Springfield, MO",100
"Springfield, OH","Springfield, OH",100
"Starkville, MS","Taylorville, IL",67
"State College, PA","State College, PA",100
"Statesboro, GA","Statesboro, GA",100
"Staunton-Stuarts Draft, VA","Staunton, VA",61
"Steamboat Springs, CO","Rock Springs, WY",57
"Stephenville, TX","Stephenville, TX",100
"Sterling, CO","Sterling, IL",82
"Sterling, IL","Sterling, IL",100
"Stevens Point-Plover, WI","Stevens Point, WI",82
"Stillwater, OK","Tulsa, OK",57
"Stockton-Lodi, CA","Stockton, CA",81
"Storm Lake, IA","Spirit Lake, IA",74
"Sturgis, MI","Sturgis, MI",100
"Sulphur Springs, TX","Paris, TX",54
"Summerville, GA","Hinesville, GA",67
"Sumter, SC","Sumter, SC",100
"Sunbury, PA","Sunbury, PA",100
"Susanville, CA","Susanville, CA",100
"Sweetwater, TX","Whitewater, WI",62
"Syracuse, NY","Syracuse, NY",100
"Tahlequah, OK","Tahlequah, OK",100
"Talladega-Sylacauga, AL","Talladega, AL",71
"Tallahassee, FL","Tallahassee, FL",100
"Tampa-St. Petersburg-Clearwater, FL","Chambersburg, PA",50
"Taos, NM","Roswell, NM",59
"Taylorville, IL","Taylorville, IL",100
"Terre Haute, IN","Terre Haute, IN",100
"Texarkana, TX-AR","Athens, TX",58
"The Dalles, OR","The Dalles, OR",100
"Thomaston, GA","Macon, GA",70
"Thomasville, GA","Hinesville, GA",74
"Tiffin, OH","Tiffin, OH",100
"Tifton, GA","Stockton, CA",60
"Toccoa, GA","Stockton, CA",60
"Toledo, OH","Toledo, OH",100
"Topeka, KS","Topeka, KS",100
"Torrington, CT","Torrington, CT",100
"Town of Pecos, TX","Houston, TX",62
"Traverse City, MI","Traverse City, MI",100
"Trenton-Princeton, NJ","Trenton, NJ",67
"Troy, AL","Montgomery, AL",60
"Truckee-Grass Valley, CA","Truckee, CA",61
"Tucson, AZ","Tucson, AZ",100
"Tullahoma-Manchester, TN","Manchester, NH",72
"Tulsa, OK","Tulsa, OK",100
"Tupelo, MS","Topeka, KS",56
"Tuscaloosa, AL","Tuscaloosa, AL",100
"Twin Falls, ID","Twin Falls, ID",100
"Tyler, TX","Tyler, TX",100
"Ukiah, CA","Ukiah, CA",100
"Union City, TN","Ocean City, NJ",69
"Urbana, OH","Urbana, OH",100
"Urban Honolulu, HI","Urban Honolulu, HI",100
"Utica-Rome, NY","Utica, NY",76
"Utuado, PR","Provo, UT",59
"Uvalde, TX","Tyler, TX",59
"Valdosta, GA","Valdosta, GA",100
"Vallejo, CA","Vallejo, CA",100
"Van Wert, OH","Van Wert, OH",100
"Vermillion, SD","Sevierville, TN",59
"Vernal, UT","Vernal, UT",100
"Vernon, TX","Mount Vernon, WA",67
"Vicksburg, MS","Pittsburg, KS",67
"Victoria, TX","Victoria, TX",100
"Vidalia, GA","Visalia, CA",80
"Vincennes, IN","Vineland, NJ",61
"Vineland, NJ","Vineland, NJ",100
"Vineyard Haven, MA","Vineland, NJ",57
"Virginia Beach-Chesapeake-Norfolk, VA-NC","Virginia Beach, VA",61
"Visalia, CA","Visalia, CA",100
"Wabash, IN","Wabash, IN",100
"Waco, TX","Waco, TX",100
"Wahpeton, ND-MN","Watertown, NY",62
"Walla Walla, WA","Walla Walla, WA",100
"Wapakoneta, OH","Wapakoneta, OH",100
"Warner Robins, GA","Warner Robins, GA",100
"Warren, PA","Sayre, PA",71
"Warrensburg, MO","Warrensburg, MO",100
"Warsaw, IN","Warsaw, IN",100
"Washington, IN","Washington, NC",92
"Washington, NC","Washington, NC",100
"Washington-Arlington-Alexandria, DC-VA-MD-WV","Washington, DC",46
"Washington Court House, OH","Washington Court House, OH",100
"Waterbury-Shelton, CT","Shelton, WA",67
"Waterloo-Cedar Falls, IA","Waterloo, IA",65
"Watertown, SD","Watertown, SD",100
"Watertown-Fort Atkinson, WI","Watertown, WI",63
"Watertown-Fort Drum, NY","Watertown, NY",71
"Wausau, WI","Wausau, WI",100
"Waycross, GA","St. Marys, GA",64
"Waynesville, NC","Zanesville, OH",74
"Weatherford, OK","Hartford, CT",56
"Weirton-Steubenville, WV-OH","Stephenville, TX",59
"Wenatchee-East Wenatchee, WA","Wenatchee, WA",62
"West Plains, MO","West Plains, MO",100
"Wheeling, WV-OH","Wheeling, WV",88
"Whitewater-Elkhorn, WI","Whitewater, WI",76
"Wichita, KS","Wichita, KS",100
"Wichita Falls, TX","Wichita Falls, TX",100
"Wildwood-The Villages, FL","The Villages, FL",77
"Williamsport, PA","Williamsport, PA",100
"Williston, ND","Wilson, NC",76
"Willmar, MN","Willmar, MN",100
"Wilmington, NC","Wilmington, NC",100
"Wilmington, OH","Wilmington, OH",100
"Wilson, NC","Wilson, NC",100
"Winchester, TN","Winchester, VA",85
"Winchester, VA-WV","Winchester, VA",90
"Winnemucca, NV","Winona, MN",64
"Winona, MN","Winona, MN",100
"Winston-Salem, NC","Winston, NC",77
"Wisconsin Rapids-Marshfield, WI","Wisconsin Rapids, WI",78
"Woodward, OK","Edwards, CO",67
"Wooster, OH","Worcester, MA",64
"Worcester, MA","Worcester, MA",100
"Worthington, MN","Washington, NC",74
"Yakima, WA","Yakima, WA",100
"Yankton, SD","Watertown, SD",64
"York-Hanover, PA","York, PA",64
"Youngstown-Warren, OH","Youngstown, OH",79
"Yuba City, CA","Yuba City, CA",100
"Yuma, AZ","Yuma, AZ",100
"Zanesville, OH","Zanesville, OH",100
"Zapata, TX","Kapaa, HI",59
