Best Match,CBSA Title,Score
"Norwich, CT","Norwich-New London-Willimantic, CT",53
"Cullowhee, NC",,
"Hickory, NC","Hickory-Lenoir-Morganton, NC",55
"Shelby, NC","Shelby-Kings Mountain, NC",55
"Riverside, CA","Riverside-San Bernardino-Ontario, CA",57
"Palm Bay, FL","Palm Bay-Melbourne-Titusville, FL",57
"Minneapolis, MN","Minneapolis-St. Paul-Bloomington, MN-WI",58
"San Diego, CA","San Diego-Chula Vista-Carlsbad, CA",58
"Crestview, FL","Crestview-Fort Walton Beach-Destin, FL",58
"Denver, CO","Denver-Aurora-Centennial, CO",59
"Myrtle Beach, SC","Myrtle Beach-Conway-North Myrtle Beach, SC",59
"Seattle, WA","Seattle-Tacoma-Bellevue, WA",60
"Baltimore, MD","Baltimore-Columbia-Towson, MD",60
"San Jose, CA","San Jose-Sunnyvale-Santa Clara, CA",60
"Durham, NC","Durham-Chapel Hill, NC",60
"Spokane, WA","Spokane-Spokane Valley, WA",60
"Olympia, WA","Olympia-Lacey-Tumwater, WA",60
"Butte, MT","Butte-Silver Bow, MT",60
"Virginia Beach, VA","Virginia Beach-Chesapeake-Norfolk, VA-NC",61
"Augusta, GA","Augusta-Richmond County, GA-SC",61
"Staunton, VA","Staunton-Stuarts Draft, VA",61
"California, MD",,
"Los Angeles, CA","Los Angeles-Long Beach-Anaheim, CA",62
"Tampa, FL","Tampa-St. Petersburg-Clearwater, FL",62
"Little Rock, AR","Little Rock-North Little Rock-Conway, AR",62
"Des Moines, IA","Des Moines-West Des Moines, IA",62
"Provo, UT","Provo-Orem-Lehi, UT",62
"Eugene, OR","Eugene-Springfield, OR",62
"Pinehurst, NC","Pinehurst-Southern Pines, NC",62
"Chicago, IL","Chicago-Naperville-Elgin, IL-IN",63
"Phoenix, AZ","Phoenix-Mesa-Chandler, AZ",63
"Buffalo, NY","Buffalo-Cheektowaga, NY",63
"Scranton, PA","Scranton--Wilkes-Barre, PA",63
"Naples, FL","Naples-Marco Island, FL",63
"Racine, WI",,
"London, KY",,
"Point Pleasant, WV",,
"Portland, OR","Portland-Vancouver-Hillsboro, OR-WA",64
"Sacramento, CA","Sacramento-Roseville-Folsom, CA",64
"Indianapolis, IN","Indianapolis-Carmel-Greenwood, IN",64
"Bridgeport, CT","Bridgeport-Stamford-Danbury, CT",64
"North Port, FL","North Port-Bradenton-Sarasota, FL",64
"Deltona, FL","Deltona-Daytona Beach-Ormond Beach, FL",64
"Portland, ME","Portland-South Portland, ME",64
"Pensacola, FL","Pensacola-Ferry Pass-Brent, FL",64
"Davenport, IA","Davenport-Moline-Rock Island, IA-IL",64
"Muskegon, MI","Muskegon-Norton Shores, MI",64
"Wenatchee, WA","Wenatchee-East Wenatchee, WA",64
"Truckee, CA","Truckee-Grass Valley, CA",64
"Georgetown, SC",,
"Bardstown, KY",,
"Waterloo, IA","Waterloo-Cedar Falls, IA",65
"Augusta, ME","Augusta-Waterville, ME",65
"New York, NY","New York-Newark-Jersey City, NY-NJ",67
"Houston, TX","Houston-Pasadena-The Woodlands, TX",67
"Miami, FL","Miami-Fort Lauderdale-West Palm Beach, FL",67
"Boston, MA","Boston-Cambridge-Newton, MA-NH",67
"San Francisco, CA","San Francisco-Oakland-Fremont, CA",67
"Orlando, FL","Orlando-Kissimmee-Sanford, FL",67
"Charlotte, NC","Charlotte-Concord-Gastonia, NC-SC",67
"Hartford, CT","Hartford-West Hartford-East Hartford, CT",67
"Oxnard, CA","Oxnard-Thousand Oaks-Ventura, CA",67
"Lakeland, FL","Lakeland-Winter Haven, FL",67
"Lansing, MI","Lansing-East Lansing, MI",67
"York, PA","York-Hanover, PA",67
"Beaumont, TX","Beaumont-Port Arthur, TX",67
"Shreveport, LA","Shreveport-Bossier City, LA",67
"South Bend, IN","South Bend-Mishawaka, IN-MI",67
"Daphne, AL","Daphne-Fairhope-Foley, AL",67
"Hilo, HI","Hilo-Kailua, HI",67
"Madera, CA",,
"La Crosse, WI","La Crosse-Onalaska, WI-MN",67
"Weirton, WV","Weirton-Steubenville, WV-OH",67
"Coos Bay, OR","Coos Bay-North Bend, OR",67
"Malone, NY",,
"Dayton, TN",,67
"Santa Cruz, CA","Santa Cruz-Watsonville, CA",68
"Hilton Head Island, SC","Hilton Head Island-Bluffton-Port Royal, SC",68
"Philadelphia, PA","Philadelphia-Camden-Wilmington, PA-NJ-DE-MD",69
"Detroit, MI","Detroit Lakes, MN",69
"Auburn, AL","Auburn-Opelika, AL",69
"Tullahoma, TN","Tullahoma-Manchester, TN",69
"Ocean City, NJ",,
"Key West, FL","Key West-Key Largo, FL",69
"Faribault, MN","Faribault-Northfield, MN",69
"Providence, RI","Providence-Warwick, RI-MA",70
"McAllen, TX","McAllen-Edinburg-Mission, TX",70
"Cape Coral, FL","Cape Coral-Fort Myers, FL",70
"Bremerton, WA","Bremerton-Silverdale-Port Orchard, WA",70
"Macon, GA","Macon-Bibb County, GA",70
"Fernley, NV",,
"Dallas, TX","Dallas-Fort Worth-Arlington, TX",71
"Dayton, OH","Dayton-Kettering-Beavercreek, OH",71
"Trenton, NJ","Trenton-Princeton, NJ",71
"Kahului, HI","Kahului-Wailuku, HI",71
"Sherman, TX","Sherman-Denison, TX",71
"Brunswick, GA","Brunswick-St. Simons, GA",71
"Hermiston, OR","Hermiston-Pendleton, OR",71
"Talladega, AL","Talladega-Sylacauga, AL",71
"Louisville, KY","Louisville/Jefferson County, KY-IN",72
"Santa Maria, CA","Santa Maria-Santa Barbara, CA",72
"Panama City, FL","Panama City-Panama City Beach, FL",72
"Eureka, CA","Eureka-Arcata, CA",72
"Milwaukee, WI","Milwaukee-Waukesha, WI",73
"Kingsport, TN","Kingsport-Bristol, TN-VA",73
"Kennewick, WA","Kennewick-Richland, WA",73
"Hagerstown, MD","Hagerstown-Martinsburg, MD-WV",73
"Sebastian, FL","Sebastian-Vero Beach-West Vero Corridor, FL",73
"Florence, AL","Florence-Muscle Shoals, AL",73
"Ashtabula, OH",,
"Carlsbad, NM","Carlsbad-Artesia, NM",73
"St. Marys, GA",,
"North Vernon, IN",,
"Atlanta, GA","Atlanta-Sandy Springs-Roswell, GA",74
"San Antonio, TX","San Antonio-New Braunfels, TX",74
"Santa Rosa, CA","Santa Rosa-Petaluma, CA",74
"Killeen, TX","Killeen-Temple, TX",74
"Elkhart, IN","Elkhart-Goshen, IN",74
"Oshkosh, WI","Oshkosh-Neenah, WI",74
"Glenwood Springs, CO",,
"Allentown, PA","Allentown-Bethlehem-Easton, PA-NJ",75
"Lexington, KY","Lexington-Fayette, KY",75
"San Luis Obispo, CA","San Luis Obispo-Paso Robles, CA",75
"Kalamazoo, MI","Kalamazoo-Portage, MI",75
"Watertown, WI","Watertown-Fort Atkinson, WI",75
"New Orleans, LA","New Orleans-Metairie, LA",76
"Brownsville, TX","Brownsville-Harlingen, TX",76
"Gulfport, MS","Gulfport-Biloxi, MS",76
"Utica, NY","Utica-Rome, NY",76
"Atlantic City, NJ","Atlantic City-Hammonton, NJ",76
"Anniston, AL","Anniston-Oxford, AL",76
"Ogdensburg, NY","Massena-Ogdensburg, NY",76
"Whitewater, WI","Whitewater-Elkhorn, WI",76
"Bloomsburg, PA","Bloomsburg-Berwick, PA",76
"Memphis, TN","Memphis, TN-MS-AR",77
"Greensboro, NC","Greensboro-High Point, NC",77
"Fort Collins, CO","Fort Collins-Loveland, CO",77
"Champaign, IL","Champaign-Urbana, IL",77
"Blacksburg, VA","Blacksburg-Christiansburg-Radford, VA",77
"The Villages, FL","Wildwood-The Villages, FL",77
"New Castle, PA",,
"Austin, TX","Austin-Round Rock-San Marcos, TX",78
"Albany, NY","Albany-Schenectady-Troy, NY",78
"Canton, OH","Canton-Massillon, OH",78
"Athens, GA","Athens, OH",78
"Michigan City, IN","Michigan City-La Porte, IN",78
"Lewiston, ME",,
"Wisconsin Rapids, WI","Wisconsin Rapids-Marshfield, WI",78
"Youngstown, OH","Youngstown-Warren, OH",79
"Manchester, NH","Manchester-Nashua, NH",79
"Janesville, WI","Janesville-Beloit, WI",79
"Sierra Vista, AZ","Sierra Vista-Douglas, AZ",79
"Raleigh, NC","Raleigh-Cary, NC",80
"Bakersfield, CA","Bakersfield-Delano, CA",80
"Fayetteville, AR","Fayetteville, NC",80
"Prescott Valley, AZ","Prescott Valley-Prescott, AZ",80
"Lebanon, NH","Lebanon, MO",80
"Hanford, CA","Sanford, NC",80
"Mount Vernon, WA","Mount Vernon, IL",80
"Ca-¦on City, CO","Cañon City, CO",80
"Cincinnati, OH","Cincinnati, OH-KY-IN",81
"Stockton, CA","Stockton-Lodi, CA",81
"Sioux City, IA","Sioux City, IA-NE-SD",81
"Parkersburg, WV","Clarksburg, WV",81
"Longview, WA","Longview, TX",82
"Richmond, KY","Richmond-Berea, KY",82
"Stevens Point, WI","Stevens Point-Plover, WI",82
"Nashville, TN","Nashville-Davidson--Murfreesboro--Franklin, TN",83
"Salt Lake City, UT","Salt Lake City-Murray, UT",83
"Lafayette, IN","Lafayette-West Lafayette, IN",83
"Lake Havasu City, AZ","Lake Havasu City-Kingman, AZ",83
"Watertown, NY","Watertown-Fort Drum, NY",83
"Omaha, NE","Omaha, NE-IA",84
"Winston, NC","Wilson, NC",84
"Fargo, ND","Fargo, ND-MN",84
"Logan, UT","Logan, UT-ID",84
"Charleston, SC","Charleston-North Charleston, SC",85
"Huntington, WV","Huntington-Ashland, WV-KY-OH",85
"Charleston, IL","Charleston-Mattoon, IL",85
"Harrisburg, PA","Harrisburg-Carlisle, PA",86
"Duluth, MN","Duluth, MN-WI",86
"College Station, TX","College Station-Bryan, TX",86
"Joplin, MO","Joplin, MO-KS",86
"New Philadelphia, OH","New Philadelphia-Dover, OH",86
"Quincy, IL","Quincy, IL-MO",86
"Paducah, KY","Paducah, KY-IL",87
"Ontario, OR","Ontario, OR-ID",87
"Jackson, WY","Jackson, WY-ID",87
"St. Louis, MO","St. Louis, MO-IL",88
"Columbus, GA","Columbus, GA-AL",88
"Wheeling, WV","Wheeling, WV-OH",88
"LaGrange, GA","LaGrange, GA-AL",88
"Lewiston, ID","Lewiston, ID-WA",88
"St. Joseph, MO","St. Joseph, MO-KS",89
"Marinette, WI","Marinette, WI-MI",89
"Kansas City, MO","Kansas City, MO-KS",90
"Chattanooga, TN","Chattanooga, TN-GA",90
"Clarksville, TN","Clarksville, TN-KY",90
"Sioux Falls, SD","Sioux Falls, SD-MN",90
"Fort Smith, AR","Fort Smith, AR-OK",90
"Winchester, VA","Winchester, VA-WV",90
"Grand Forks, ND","Grand Forks, ND-MN",90
"Cumberland, MD","Cumberland, MD-WV",90
"Burlington, IA","Burlington, IA-IL",90
"Iron Mountain, MI","Iron Mountain, MI-WI",91
"Washington, DC","Washington, NC",92
"Las Vegas, NV","Las Vegas, NM",92
"Greenville, SC","Greenville, MS",92
"Jamestown, NY","Jamestown, ND",92
"Cape Girardeau, MO","Cape Girardeau, MO-IL",92
"Grand Rapids, MI","Grand Rapids, MN",93
"Gardnerville Ranchos, NV","Gardnerville Ranchos, NV-CA",94
"Pittsburgh, PA","Pittsburgh, PA",100
"Columbus, OH","Columbus, OH",100
"Cleveland, OH","Cleveland, OH",100
"Jacksonville, FL","Jacksonville, FL",100
"Oklahoma City, OK","Oklahoma City, OK",100
"Richmond, VA","Richmond, VA",100
"Birmingham, AL","Birmingham, AL",100
"Rochester, NY","Rochester, NY",100
"Tucson, AZ","Tucson, AZ",100
"Urban Honolulu, HI","Urban Honolulu, HI",100
"Tulsa, OK","Tulsa, OK",100
"Fresno, CA","Fresno, CA",100
"Worcester, MA","Worcester, MA",100
"Albuquerque, NM","Albuquerque, NM",100
"Knoxville, TN","Knoxville, TN",100
"Baton Rouge, LA","Baton Rouge, LA",100
"New Haven, CT","New Haven, CT",100
"El Paso, TX","El Paso, TX",100
"Columbia, SC","Columbia, SC",100
"Boise City, ID","Boise City, ID",100
"Colorado Springs, CO","Colorado Springs, CO",100
"Akron, OH","Akron, OH",100
"Springfield, MA","Springfield, MA",100
"Ogden, UT","Ogden, UT",100
"Madison, WI","Madison, WI",100
"Syracuse, NY","Syracuse, NY",100
"Toledo, OH","Toledo, OH",100
"Wichita, KS","Wichita, KS",100
"Jackson, MS","Jackson, MS",100
"Modesto, CA","Modesto, CA",100
"Lancaster, PA","Lancaster, PA",100
"Fayetteville, NC","Fayetteville, NC",100
"Reno, NV","Reno, NV",100
"Huntsville, AL","Huntsville, AL",100
"Port St. Lucie, FL","Port St. Lucie, FL",100
"Lafayette, LA","Lafayette, LA",100
"Springfield, MO","Springfield, MO",100
"Visalia, CA","Visalia, CA",100
"Asheville, NC","Asheville, NC",100
"Vallejo, CA","Vallejo, CA",100
"Salinas, CA","Salinas, CA",100
"Salem, OR","Salem, OR",100
"Mobile, AL","Mobile, AL",100
"Reading, PA","Reading, PA",100
"Corpus Christi, TX","Corpus Christi, TX",100
"Fort Wayne, IN","Fort Wayne, IN",100
"Salisbury, MD","Salisbury, MD",100
"Flint, MI","Flint, MI",100
"Peoria, IL","Peoria, IL",100
"Savannah, GA","Savannah, GA",100
"Montgomery, AL","Montgomery, AL",100
"Tallahassee, FL","Tallahassee, FL",100
"Ann Arbor, MI","Ann Arbor, MI",100
"Ocala, FL","Ocala, FL",100
"Rockford, IL","Rockford, IL",100
"Lincoln, NE","Lincoln, NE",100
"Gainesville, FL","Gainesville, FL",100
"Boulder, CO","Boulder, CO",100
"Green Bay, WI","Green Bay, WI",100
"Spartanburg, SC","Spartanburg, SC",100
"Greeley, CO","Greeley, CO",100
"Lubbock, TX","Lubbock, TX",100
"Roanoke, VA","Roanoke, VA",100
"Evansville, IN","Evansville, IN",100
"Longview, TX","Longview, TX",100
"Wilmington, NC","Wilmington, NC",100
"Merced, CA","Merced, CA",100
"Waco, TX","Waco, TX",100
"Cedar Rapids, IA","Cedar Rapids, IA",100
"Erie, PA","Erie, PA",100
"Amarillo, TX","Amarillo, TX",100
"Laredo, TX","Laredo, TX",100
"Tuscaloosa, AL","Tuscaloosa, AL",100
"Lynchburg, VA","Lynchburg, VA",100
"Charleston, WV","Charleston, WV",100
"Yakima, WA","Yakima, WA",100
"Binghamton, NY","Binghamton, NY",100
"Appleton, WI","Appleton, WI",100
"Topeka, KS","Topeka, KS",100
"Tyler, TX","Tyler, TX",100
"Barnstable Town, MA","Barnstable Town, MA",100
"Bellingham, WA","Bellingham, WA",100
"Rochester, MN","Rochester, MN",100
"Medford, OR","Medford, OR",100
"Charlottesville, VA","Charlottesville, VA",100
"Lake Charles, LA","Lake Charles, LA",100
"Las Cruces, NM","Las Cruces, NM",100
"Chico, CA","Chico, CA",100
"Columbia, MO","Columbia, MO",100
"Springfield, IL","Springfield, IL",100
"Monroe, LA","Monroe, LA",100
"Johnson City, TN","Johnson City, TN",100
"Yuma, AZ","Yuma, AZ",100
"Gainesville, GA","Gainesville, GA",100
"Jacksonville, NC","Jacksonville, NC",100
"Florence, SC","Florence, SC",100
"St. Cloud, MN","St. Cloud, MN",100
"Bend, OR","Bend, OR",100
"Saginaw, MI","Saginaw, MI",100
"Warner Robins, GA","Warner Robins, GA",100
"Terre Haute, IN","Terre Haute, IN",100
"Torrington, CT","Torrington, CT",100
"Punta Gorda, FL","Punta Gorda, FL",100
"Billings, MT","Billings, MT",100
"Redding, CA","Redding, CA",100
"Kingston, NY","Kingston, NY",100
"Dover, DE","Dover, DE",100
"El Centro, CA","El Centro, CA",100
"Jackson, TN","Jackson, TN",100
"Yuba City, CA","Yuba City, CA",100
"Bowling Green, KY","Bowling Green, KY",100
"St. George, UT","St. George, UT",100
"Abilene, TX","Abilene, TX",100
"Iowa City, IA","Iowa City, IA",100
"Midland, TX","Midland, TX",100
"Bloomington, IL","Bloomington, IL",100
"Eau Claire, WI","Eau Claire, WI",100
"Greenville, NC","Greenville, NC",100
"Burlington, NC","Burlington, NC",100
"Coeur d'Alene, ID","Coeur d'Alene, ID",100
"East Stroudsburg, PA","East Stroudsburg, PA",100
"Pueblo, CO","Pueblo, CO",100
"Wausau, WI","Wausau, WI",100
"Bloomington, IN","Bloomington, IN",100
"Odessa, TX","Odessa, TX",100
"Jackson, MI","Jackson, MI",100
"State College, PA","State College, PA",100
"Decatur, AL","Decatur, AL",100
"Chambersburg, PA","Chambersburg, PA",100
"Vineland, NJ","Vineland, NJ",100
"Idaho Falls, ID","Idaho Falls, ID",100
"Grand Junction, CO","Grand Junction, CO",100
"Elizabethtown, KY","Elizabethtown, KY",100
"Niles, MI","Niles, MI",100
"Monroe, MI","Monroe, MI",100
"Santa Fe, NM","Santa Fe, NM",100
"Concord, NH","Concord, NH",100
"Alexandria, LA","Alexandria, LA",100
"Traverse City, MI","Traverse City, MI",100
"Bangor, ME","Bangor, ME",100
"Homosassa Springs, FL","Homosassa Springs, FL",100
"Jefferson City, MO","Jefferson City, MO",100
"Dothan, AL","Dothan, AL",100
"Albany, GA","Albany, GA",100
"Ottawa, IL","Ottawa, IL",100
"Wichita Falls, TX","Wichita Falls, TX",100
"Valdosta, GA","Valdosta, GA",100
"Flagstaff, AZ","Flagstaff, AZ",100
"Rocky Mount, NC","Rocky Mount, NC",100
"Pottsville, PA","Pottsville, PA",100
"Dalton, GA","Dalton, GA",100
"Lebanon, PA","Lebanon, PA",100
"Morristown, TN","Morristown, TN",100
"Morgantown, WV","Morgantown, WV",100
"Napa, CA","Napa, CA",100
"Rapid City, SD","Rapid City, SD",100
"Sumter, SC","Sumter, SC",100
"Springfield, OH","Springfield, OH",100
"Harrisonburg, VA","Harrisonburg, VA",100
"Battle Creek, MI","Battle Creek, MI",100
"Carbondale, IL","Carbondale, IL",100
"Johnstown, PA","Johnstown, PA",100
"Jonesboro, AR","Jonesboro, AR",100
"Bismarck, ND","Bismarck, ND",100
"Hammond, LA","Hammond, LA",100
"Pittsfield, MA","Pittsfield, MA",100
"Albany, OR","Albany, OR",100
"Glens Falls, NY","Glens Falls, NY",100
"Lawton, OK","Lawton, OK",100
"Cleveland, TN","Cleveland, TN",100
"Ames, IA","Ames, IA",100
"Mansfield, OH","Mansfield, OH",100
"Altoona, PA","Altoona, PA",100
"New Bern, NC","New Bern, NC",100
"Farmington, NM","Farmington, NM",100
"Holland, MI","Holland, MI",100
"Lumberton, NC","Lumberton, NC",100
"Lawrence, KS","Lawrence, KS",100
"Goldsboro, NC","Goldsboro, NC",100
"Sheboygan, WI","Sheboygan, WI",100
"Missoula, MT","Missoula, MT",100
"Bozeman, MT","Bozeman, MT",100
"Williamsport, PA","Williamsport, PA",100
"Twin Falls, ID","Twin Falls, ID",100
"Cookeville, TN","Cookeville, TN",100
"Muncie, IN","Muncie, IN",100
"Roseburg, OR","Roseburg, OR",100
"Kankakee, IL","Kankakee, IL",100
"Show Low, AZ","Show Low, AZ",100
"Ithaca, NY","Ithaca, NY",100
"Decatur, IL","Decatur, IL",100
"Bay City, MI","Bay City, MI",100
"Fond du Lac, WI","Fond du Lac, WI",100
"Gettysburg, PA","Gettysburg, PA",100
"Gadsden, AL","Gadsden, AL",100
"Kalispell, MT","Kalispell, MT",100
"Danville, VA","Danville, VA",100
"Mankato, MN","Mankato, MN",100
"Lima, OH","Lima, OH",100
"Salem, OH","Salem, OH",100
"Sebring, FL","Sebring, FL",100
"Cheyenne, WY","Cheyenne, WY",100
"Hot Springs, AR","Hot Springs, AR",100
"Adrian, MI","Adrian, MI",100
"Dubuque, IA","Dubuque, IA",100
"Victoria, TX","Victoria, TX",100
"Rome, GA","Rome, GA",100
"Sevierville, TN","Sevierville, TN",100
"Moses Lake, WA","Moses Lake, WA",100
"Albertville, AL","Albertville, AL",100
"Brainerd, MN","Brainerd, MN",100
"Corvallis, OR","Corvallis, OR",100
"Corning, NY","Corning, NY",100
"Sunbury, PA","Sunbury, PA",100
"Ukiah, CA","Ukiah, CA",100
"Clarksburg, WV","Clarksburg, WV",100
"Beaver Dam, WI","Beaver Dam, WI",100
"Pine Bluff, AR","Pine Bluff, AR",100
"Grants Pass, OR","Grants Pass, OR",100
"Cullman, AL","Cullman, AL",100
"Zanesville, OH","Zanesville, OH",100
"Oak Harbor, WA","Oak Harbor, WA",100
"Orangeburg, SC","Orangeburg, SC",100
"Meadville, PA","Meadville, PA",100
"Great Falls, MT","Great Falls, MT",100
"Indiana, PA","Indiana, PA",100
"Midland, MI","Midland, MI",100
"Kokomo, IN","Kokomo, IN",100
"Helena, MT","Helena, MT",100
"Columbus, IN","Columbus, IN",100
"Athens, TX","Athens, TX",100
"Centralia, WA","Centralia, WA",100
"Manitowoc, WI","Manitowoc, WI",100
"Hinesville, GA","Hinesville, GA",100
"DuBois, PA","DuBois, PA",100
"Warsaw, IN","Warsaw, IN",100
"Plattsburgh, NY","Plattsburgh, NY",100
"Statesboro, GA","Statesboro, GA",100
"Casper, WY","Casper, WY",100
"Wilson, NC","Wilson, NC",100
"Seneca, SC","Seneca, SC",100
"Olean, NY","Olean, NY",100
"Chillicothe, OH","Chillicothe, OH",100
"Searcy, AR","Searcy, AR",100
"Grand Island, NE","Grand Island, NE",100
"Port Angeles, WA","Port Angeles, WA",100
"Auburn, NY","Auburn, NY",100
"Huntsville, TX","Huntsville, TX",100
"Keene, NH","Keene, NH",100
"Heber, UT","Heber, UT",100
"Sandusky, OH","Sandusky, OH",100
"Findlay, OH","Findlay, OH",100
"Frankfort, KY","Frankfort, KY",100
"Danville, IL","Danville, IL",100
"Aberdeen, WA","Aberdeen, WA",100
"Portsmouth, OH","Portsmouth, OH",100
"Somerset, PA","Somerset, PA",100
"Jefferson, GA","Jefferson, GA",100
"Kapaa, HI","Kapaa, HI",100
"Palatka, FL","Palatka, FL",100
"Hobbs, NM","Hobbs, NM",100
"Shawnee, OK","Shawnee, OK",100
"Mount Airy, NC","Mount Airy, NC",100
"Greeneville, TN","Greeneville, TN",100
"Greenwood, SC","Greenwood, SC",100
"Lake City, FL","Lake City, FL",100
"Klamath Falls, OR","Klamath Falls, OR",100
"Morehead City, NC","Morehead City, NC",100
"Clearlake, CA","Clearlake, CA",100
"Alamogordo, NM","Alamogordo, NM",100
"Roanoke Rapids, NC","Roanoke Rapids, NC",100
"Farmington, MO","Farmington, MO",100
"Muskogee, OK","Muskogee, OK",100
"Marion, IN","Marion, IN",100
"Marquette, MI","Marquette, MI",100
"North Wilkesboro, NC","North Wilkesboro, NC",100
"Mount Pleasant, MI","Mount Pleasant, MI",100
"Marion, OH","Marion, OH",100
"Baraboo, WI","Baraboo, WI",100
"Red Bluff, CA","Red Bluff, CA",100
"Roswell, NM","Roswell, NM",100
"Shelton, WA","Shelton, WA",100
"Dublin, GA","Dublin, GA",100
"Somerset, KY","Somerset, KY",100
"Forest City, NC","Forest City, NC",100
"Rexburg, ID","Rexburg, ID",100
"Athens, OH","Athens, OH",100
"Sanford, NC","Sanford, NC",100
"Enid, OK","Enid, OK",100
"Mount Vernon, OH","Mount Vernon, OH",100
"Walla Walla, WA","Walla Walla, WA",100
"Albemarle, NC","Albemarle, NC",100
"Hudson, NY","Hudson, NY",100
"Sturgis, MI","Sturgis, MI",100
"Crossville, TN","Crossville, TN",100
"Sayre, PA","Sayre, PA",100
"Salina, KS","Salina, KS",100
"Marietta, OH","Marietta, OH",100
"Fergus Falls, MN","Fergus Falls, MN",100
"Fremont, OH","Fremont, OH",100
"Oneonta, NY","Oneonta, NY",100
"Norwalk, OH","Norwalk, OH",100
"Batavia, NY","Batavia, NY",100
"Ardmore, OK","Ardmore, OK",100
"Fort Madison, IA","Fort Madison, IA",100
"Carson City, NV","Carson City, NV",100
"Calhoun, GA","Calhoun, GA",100
"Kearney, NE","Kearney, NE",100
"Fairmont, WV","Fairmont, WV",100
"Gaffney, SC","Gaffney, SC",100
"Sterling, IL","Sterling, IL",100
"Branson, MO","Branson, MO",100
"Cedar City, UT","Cedar City, UT",100
"Jasper, IN","Jasper, IN",100
"Edwards, CO","Edwards, CO",100
"Durango, CO","Durango, CO",100
"Kinston, NC","Kinston, NC",100
"Sonora, CA","Sonora, CA",100
"Tiffin, OH","Tiffin, OH",100
"Batesville, AR","Batesville, AR",100
"Elko, NV","Elko, NV",100
"Danville, KY","Danville, KY",100
"Glasgow, KY","Glasgow, KY",100
"Boone, NC","Boone, NC",100
"Warrensburg, MO","Warrensburg, MO",100
"Gloversville, NY","Gloversville, NY",100
"Fort Leonard Wood, MO","Fort Leonard Wood, MO",100
"Poplar Bluff, MO","Poplar Bluff, MO",100
"Elizabeth City, NC","Elizabeth City, NC",100
"Payson, AZ","Payson, AZ",100
"Athens, TN","Athens, TN",100
"Enterprise, AL","Enterprise, AL",100
"Ashland, OH","Ashland, OH",100
"Milledgeville, GA","Milledgeville, GA",100
"Kerrville, TX","Kerrville, TX",100
"Bartlesville, OK","Bartlesville, OK",100
"Platteville, WI","Platteville, WI",100
"Corsicana, TX","Corsicana, TX",100
"Greenville, OH","Greenville, OH",100
"Rochelle, IL","Rochelle, IL",100
"Oil City, PA","Oil City, PA",100
"Mason City, IA","Mason City, IA",100
"Galesburg, IL","Galesburg, IL",100
"Pahrump, NV","Pahrump, NV",100
"Paris, TX","Paris, TX",100
"Winona, MN","Winona, MN",100
"Newport, OR","Newport, OR",100
"Shelbyville, TN","Shelbyville, TN",100
"Amsterdam, NY","Amsterdam, NY",100
"New Castle, IN","New Castle, IN",100
"Norfolk, NE","Norfolk, NE",100
"Cadillac, MI","Cadillac, MI",100
"Sidney, OH","Sidney, OH",100
"Pullman, WA","Pullman, WA",100
"Red Wing, MN","Red Wing, MN",100
"Tahlequah, OK","Tahlequah, OK",100
"Kendallville, IN","Kendallville, IN",100
"Montrose, CO","Montrose, CO",100
"Cortland, NY","Cortland, NY",100
"Mount Sterling, KY","Mount Sterling, KY",100
"Clinton, IA","Clinton, IA",100
"Wapakoneta, OH","Wapakoneta, OH",100
"Plymouth, IN","Plymouth, IN",100
"Bemidji, MN","Bemidji, MN",100
"Bellefontaine, OH","Bellefontaine, OH",100
"Seymour, IN","Seymour, IN",100
"Cornelia, GA","Cornelia, GA",100
"Hillsdale, MI","Hillsdale, MI",100
"Menomonie, WI","Menomonie, WI",100
"Shawano, WI","Shawano, WI",100
"Bedford, IN","Bedford, IN",100
"Washington, NC","Washington, NC",100
"Freeport, IL","Freeport, IL",100
"Harrison, AR","Harrison, AR",100
"Rolla, MO","Rolla, MO",100
"Coldwater, MI","Coldwater, MI",100
"Marion, NC","Marion, NC",100
"Ellensburg, WA","Ellensburg, WA",100
"Ponca City, OK","Ponca City, OK",100
"Lawrenceburg, TN","Lawrenceburg, TN",100
"McAlester, OK","McAlester, OK",100
"Willmar, MN","Willmar, MN",100
"Muscatine, IA","Muscatine, IA",100
"Auburn, IN","Auburn, IN",100
"Duncan, OK","Duncan, OK",100
"Cedartown, GA","Cedartown, GA",100
"Henderson, NC","Henderson, NC",100
"Aberdeen, SD","Aberdeen, SD",100
"Rock Springs, WY","Rock Springs, WY",100
"Garden City, KS","Garden City, KS",100
"Stephenville, TX","Stephenville, TX",100
"Celina, OH","Celina, OH",100
"Wilmington, OH","Wilmington, OH",100
"Bucyrus, OH","Bucyrus, OH",100
"Mountain Home, AR","Mountain Home, AR",100
"Gainesville, TX","Gainesville, TX",100
"McMinnville, TN","McMinnville, TN",100
"Astoria, OR","Astoria, OR",100
"Bradford, PA","Bradford, PA",100
"Marshalltown, IA","Marshalltown, IA",100
"Big Rapids, MI","Big Rapids, MI",100
"Austin, MN","Austin, MN",100
"West Plains, MO","West Plains, MO",100
"Okeechobee, FL","Okeechobee, FL",100
"Clewiston, FL","Clewiston, FL",100
"Riverton, WY","Riverton, WY",100
"Pittsburg, KS","Pittsburg, KS",100
"Hannibal, MO","Hannibal, MO",100
"Alexandria, MN","Alexandria, MN",100
"Urbana, OH","Urbana, OH",100
"Cambridge, OH","Cambridge, OH",100
"Defiance, OH","Defiance, OH",100
"Jacksonville, IL","Jacksonville, IL",100
"Ada, OK","Ada, OK",100
"Brownwood, TX","Brownwood, TX",100
"Crawfordsville, IN","Crawfordsville, IN",100
"Scottsbluff, NE","Scottsbluff, NE",100
"Centralia, IL","Centralia, IL",100
"Easton, MD","Easton, MD",100
"Mount Vernon, IL","Mount Vernon, IL",100
"Sault Ste. Marie, MI","Sault Ste. Marie, MI",100
"Escanaba, MI","Escanaba, MI",100
"Kill Devil Hills, NC","Kill Devil Hills, NC",100
"Hutchinson, MN","Hutchinson, MN",100
"Coshocton, OH","Coshocton, OH",100
"Huntington, IN","Huntington, IN",100
"Pontiac, IL","Pontiac, IL",100
"Lebanon, MO","Lebanon, MO",100
"Vernal, UT","Vernal, UT",100
"Ottumwa, IA","Ottumwa, IA",100
"Effingham, IL","Effingham, IL",100
"Watertown, SD","Watertown, SD",100
"Angola, IN","Angola, IN",100
"Dixon, IL","Dixon, IL",100
"Taylorville, IL","Taylorville, IL",100
"Seneca Falls, NY","Seneca Falls, NY",100
"Madison, IN","Madison, IN",100
"Brevard, NC","Brevard, NC",100
"Susanville, CA","Susanville, CA",100
"Cambridge, MD","Cambridge, MD",100
"Wabash, IN","Wabash, IN",100
"Breckenridge, CO","Breckenridge, CO",100
"Albert Lea, MN","Albert Lea, MN",100
"Ludington, MI","Ludington, MI",100
"Alpena, MI","Alpena, MI",100
"Washington Court House, OH","Washington Court House, OH",100
"Fort Morgan, CO","Fort Morgan, CO",100
"Van Wert, OH","Van Wert, OH",100
"Lincoln, IL","Lincoln, IL",100
"Macomb, IL","Macomb, IL",100
"The Dalles, OR","The Dalles, OR",100
"Greensburg, IN","Greensburg, IN",100
"Altus, OK","Altus, OK",100
"Los Alamos, NM","Los Alamos, NM",100
"Spirit Lake, IA","Spirit Lake, IA",100
